{"cameraMode":{"drawMode":0,"name":"Shaded","section":"Shading Mode"},"sceneLighting":false,"audioPlay":false,"sceneViewState":{"showFog":true,"showMaterialUpdate":false,"showSkybox":false,"showFlares":true,"showImageEffects":true,"showParticleSystems":true},"in2DMode":false,"pivot":{"x":1.0199999809265137,"y":6.420000076293945,"z":-4.150000095367432},"rotation":{"x":0.010606442578136921,"y":-0.8967725038528442,"z":0.021526597440242769,"w":0.4418468177318573},"size":0.7482225298881531,"orthographic":false}